INSERT INTO Agencia (id_agencia, nombre) VALUES (1, 'Agencia Central de Noticias');
INSERT INTO Agencia (id_agencia, nombre) VALUES (2, 'Prensa Global');
INSERT INTO Agencia (id_agencia, nombre) VALUES (3, 'Agencia EFE Norte');
INSERT INTO Agencia (id_agencia, nombre) VALUES (4, 'Asturias Media');

INSERT INTO Empresa_Comunicacion (id_empresa, nombre, email) VALUES (1, 'Diario El Mañana', 'redaccion@elmanana.com');
INSERT INTO Empresa_Comunicacion (id_empresa, nombre, email) VALUES (2, 'Canal 24 Horas', 'noticias@canal24.tv');
INSERT INTO Empresa_Comunicacion (id_empresa, nombre, email) VALUES (3, 'Radio Gijón', 'contacto@radiogijon.es');
INSERT INTO Empresa_Comunicacion (id_empresa, nombre, email) VALUES (4, 'La Nueva España', 'lne@redaccion.es');
INSERT INTO Empresa_Comunicacion (id_empresa, nombre, email) VALUES (5, 'TeleAsturias', 'informativos@teleasturias.tv');
INSERT INTO Empresa_Comunicacion (id_empresa, nombre, email) VALUES (6, 'El Comercio', 'noticias@elcomercio.es');

INSERT INTO Reportero (id_reportero, nombre, telefono, id_agencia, tipo_reportero) VALUES (1, 'Ana Blanco', '600111222', 1, 'BASE');
INSERT INTO Reportero (id_reportero, nombre, telefono, id_agencia, tipo_reportero) VALUES (2, 'Matias Prats', '600333444', 1, 'BASE');
INSERT INTO Reportero (id_reportero, nombre, telefono, id_agencia, tipo_reportero) VALUES (3, 'Lois Lane', '600555666', 2, 'BASE');
INSERT INTO Reportero (id_reportero, nombre, telefono, id_agencia, tipo_reportero) VALUES (4, 'Clark Kent', '600777888', 2, 'BASE');
INSERT INTO Reportero (id_reportero, nombre, telefono, id_agencia, tipo_reportero) VALUES (5, 'Peter Parker', '600999000', 3, 'GRÁFICO');
INSERT INTO Reportero (id_reportero, nombre, telefono, id_agencia, tipo_reportero) VALUES (6, 'Eddie Brock', '600123456', 3, 'CAMARÓGRAFO');
INSERT INTO Reportero (id_reportero, nombre, telefono, id_agencia, tipo_reportero) VALUES (7, 'Sara Carbonero', '600654321', 4, 'BASE');
INSERT INTO Reportero (id_reportero, nombre, telefono, id_agencia, tipo_reportero) VALUES (8, 'Iñaki Gabilondo', '600987654', 4, 'BASE');
INSERT INTO Reportero (id_reportero, nombre, telefono, id_agencia, tipo_reportero) VALUES (9, 'Julia Otero', '600112233', 1, 'BASE');
INSERT INTO Reportero (id_reportero, nombre, telefono, id_agencia, tipo_reportero) VALUES (11, 'Vicente Valles', '600111333', 1, 'GRÁFICO');
INSERT INTO Reportero (id_reportero, nombre, telefono, id_agencia, tipo_reportero) VALUES (12, 'Monica Carrillo', '600222444', 2, 'CAMARÓGRAFO');


INSERT INTO Evento (id_evento, descripcion, fecha, id_agencia) VALUES (1, 'Rueda de prensa del Alcalde', '2026-03-10', 1);
INSERT INTO Evento (id_evento, descripcion, fecha, id_agencia) VALUES (2, 'Manifestacion por el clima', '2026-03-15', 2);
INSERT INTO Evento (id_evento, descripcion, fecha, id_agencia) VALUES (3, 'Inauguracion del nuevo hospital', '2026-04-02', 1);
INSERT INTO Evento (id_evento, descripcion, fecha, id_agencia) VALUES (4, 'Derbi asturiano en El Molinon', '2026-04-15', 4);
INSERT INTO Evento (id_evento, descripcion, fecha, id_agencia) VALUES (5, 'Concierto en Laboral Ciudad de la Cultura', '2026-05-20', 4);
INSERT INTO Evento (id_evento, descripcion, fecha, id_agencia) VALUES (6, 'Feria Internacional de Muestras (FIDMA)', '2026-08-01', 3);
INSERT INTO Evento (id_evento, descripcion, fecha, id_agencia) VALUES (7, 'Festival Internacional de Cine de Gijon', '2026-11-15', 3);
INSERT INTO Evento (id_evento, descripcion, fecha, id_agencia) VALUES (8, 'Huelga del sector del metal', '2026-03-22', 2);
INSERT INTO Evento (id_evento, descripcion, fecha, id_agencia) VALUES (9, 'Rueda de prensa de la oposicion', '2026-09-10', 1);
INSERT INTO Evento (id_evento, descripcion, fecha, id_agencia) VALUES (10, 'Apertura curso universitario', '2026-09-15', 2);
INSERT INTO Evento (id_evento, descripcion, fecha, id_agencia) VALUES (11, 'Cumbre tecnologica (Minyana)', '2026-10-20', 1);
INSERT INTO Evento (id_evento, descripcion, fecha, id_agencia) VALUES (12, 'Cena de gala tecnologica (Noche)', '2026-10-20', 1);
INSERT INTO Evento (id_evento, descripcion, fecha, id_agencia) VALUES (20, 'Gala de los Premios Princesa', '2026-10-25', 1);
INSERT INTO Evento (id_evento, descripcion, fecha, id_agencia) VALUES (21, 'Inauguracion AVE Asturias', '2026-11-29', 4);
INSERT INTO Evento (id_evento, descripcion, fecha, id_agencia) VALUES (97, 'Rueda de prensa de mañana', '2026-12-31', 1);
INSERT INTO Evento (id_evento, descripcion, fecha, id_agencia) VALUES (98, 'Gala benéfica de noche', '2026-12-31', 1);
INSERT INTO Evento (id_evento, descripcion, fecha, id_agencia) VALUES (99, 'Evento Libre de Prueba', '2026-12-01', 1);
INSERT INTO Evento (id_evento, descripcion, fecha, id_agencia) VALUES (100, 'Otra Rueda de Prensa sin asignar', '2026-12-05', 1);
INSERT INTO Evento (id_evento, descripcion, fecha, id_agencia) VALUES (101, 'Rueda de prensa sobre presupuestos', '2026-06-10', 1);
INSERT INTO Evento (id_evento, descripcion, fecha, id_agencia) VALUES (102, 'Inauguracion exposicion de arte', '2026-06-12', 1);
INSERT INTO Evento (id_evento, descripcion, fecha, id_agencia) VALUES (103, 'Debate electoral autonomico', '2026-05-28', 2);
INSERT INTO Evento (id_evento, descripcion, fecha, id_agencia) VALUES (104, 'Festival de la Sidra en Nava', '2026-07-10', 3);
INSERT INTO Evento (id_evento, descripcion, fecha, id_agencia) VALUES (105, 'Presentacion de hub tecnologico', '2026-09-05', 4);

INSERT INTO Asignacion (id_evento, id_reportero) VALUES (1, 1);
INSERT INTO Asignacion (id_evento, id_reportero) VALUES (1, 9);
INSERT INTO Asignacion (id_evento, id_reportero) VALUES (2, 3);
INSERT INTO Asignacion (id_evento, id_reportero) VALUES (2, 10);
INSERT INTO Asignacion (id_evento, id_reportero) VALUES (3, 2);
INSERT INTO Asignacion (id_evento, id_reportero) VALUES (4, 7);
INSERT INTO Asignacion (id_evento, id_reportero) VALUES (4, 8);
INSERT INTO Asignacion (id_evento, id_reportero) VALUES (5, 7);
INSERT INTO Asignacion (id_evento, id_reportero) VALUES (6, 5);
INSERT INTO Asignacion (id_evento, id_reportero) VALUES (7, 6);
INSERT INTO Asignacion (id_evento, id_reportero) VALUES (8, 4);
INSERT INTO Asignacion (id_evento, id_reportero) VALUES (11, 11);
INSERT INTO Asignacion (id_evento, id_reportero) VALUES (20, 1);
INSERT INTO Asignacion (id_evento, id_reportero) VALUES (21, 7);

INSERT INTO Reportaje (id_reportaje, id_evento, id_reportero, titulo, subtitulo, cuerpo, fecha_entrega) VALUES (1, 1, 1, 'El Alcalde promete nuevas ayudas', 'Se destinarán 5 millones', 'Durante la mañana de hoy, el alcalde ha prometido en rueda de prensa...', '2026-03-11 10:30:00');
INSERT INTO Reportaje (id_reportaje, id_evento, id_reportero, titulo, subtitulo, cuerpo, fecha_entrega) VALUES (2, 2, 3, 'Multitudinaria marcha ecologista', 'Miles de personas toman las calles', 'La manifestación comenzó a las 12:00 de forma pacífica...', '2026-03-16 09:15:00');
INSERT INTO Reportaje (id_reportaje, id_evento, id_reportero, titulo, subtitulo, cuerpo, fecha_entrega) VALUES (3, 4, 8, 'Empate sin goles en el derbi', 'Mucha tension y poco futbol', 'El partido disputado en El Molinón terminó con reparto de puntos...', '2026-04-16 08:00:00');
INSERT INTO Reportaje (id_reportaje, id_evento, id_reportero, titulo, subtitulo, cuerpo, fecha_entrega) VALUES (4, 6, 5, 'Record de asistencia en la Feria', 'Mas de 100.000 visitantes', 'El recinto ferial Luis Adaro cerró sus puertas con cifras históricas...', '2026-08-02 12:00:00');
INSERT INTO Reportaje (id_reportaje, id_evento, id_reportero, titulo, subtitulo, cuerpo, fecha_entrega) VALUES (5, 8, 4, 'Seguimiento masivo en la huelga', 'Los sindicatos celebran el exito', 'Las fábricas amanecieron paradas en la primera jornada de paros...', '2026-03-23 11:45:00');
INSERT INTO Reportaje (id_reportaje, id_evento, id_reportero, titulo, subtitulo, cuerpo, fecha_entrega) VALUES (20, 20, 1, 'Premios Princesa: Todo un Exito', 'Glamour en Oviedo', 'La ceremonia se desarrollo sin incidentes y con gran expectacion...', '2026-10-26 10:00:00');
INSERT INTO Reportaje (id_reportaje, id_evento, id_reportero, titulo, subtitulo, cuerpo, fecha_entrega) VALUES (21, 21, 7, 'El AVE llega por fin a la region', 'Conexion directa con Madrid', 'El primer tren llego a la estacion puntual entre aplausos...', '2026-11-29 14:00:00');


INSERT INTO Version_Reportaje (id_version, id_reportaje, fecha_cambio, hora_cambio, subtitulo_guardado, cuerpo_guardado) VALUES (1, 1, '2026-03-10', '18:00:00', 'Borrador preliminar', 'Texto en redaccion por parte de Ana...');
INSERT INTO Version_Reportaje (id_version, id_reportaje, fecha_cambio, hora_cambio, subtitulo_guardado, cuerpo_guardado) VALUES (2, 1, '2026-03-11', '09:00:00', 'Correccion de cifras', 'Durante la mañana de hoy, el alcalde prometió...');
INSERT INTO Version_Reportaje (id_version, id_reportaje, fecha_cambio, hora_cambio, subtitulo_guardado, cuerpo_guardado) VALUES (3, 3, '2026-04-15', '20:30:00', 'Cronica primera parte', 'Primer tiempo aburrido en el estadio...');
INSERT INTO Version_Reportaje (id_version, id_reportaje, fecha_cambio, hora_cambio, subtitulo_guardado, cuerpo_guardado) VALUES (4, 4, '2026-08-01', '19:00:00', 'Datos iniciales', 'Primeros recuentos de visitantes de la FIDMA...');

INSERT INTO Ofrecimiento (id_evento, id_empresa, estado, tiene_acceso) VALUES (1, 1, 'ACEPTADO', true);
INSERT INTO Ofrecimiento (id_evento, id_empresa, estado, tiene_acceso) VALUES (1, 2, 'PENDIENTE', false);
INSERT INTO Ofrecimiento (id_evento, id_empresa, estado, tiene_acceso) VALUES (2, 3, 'RECHAZADO', false);
INSERT INTO Ofrecimiento (id_evento, id_empresa, estado, tiene_acceso) VALUES (4, 4, 'ACEPTADO', true);
INSERT INTO Ofrecimiento (id_evento, id_empresa, estado, tiene_acceso) VALUES (4, 5, 'ACEPTADO', true);
INSERT INTO Ofrecimiento (id_evento, id_empresa, estado, tiene_acceso) VALUES (4, 6, 'PENDIENTE', false);
INSERT INTO Ofrecimiento (id_evento, id_empresa, estado, tiene_acceso) VALUES (6, 6, 'ACEPTADO', true);
INSERT INTO Ofrecimiento (id_evento, id_empresa, estado, tiene_acceso) VALUES (6, 1, 'RECHAZADO', false);
INSERT INTO Ofrecimiento (id_evento, id_empresa, estado, tiene_acceso) VALUES (7, 5, 'PENDIENTE', false);
INSERT INTO Ofrecimiento (id_evento, id_empresa, estado, tiene_acceso) VALUES (8, 2, 'ACEPTADO', true);

-- Para probar la "Agencia Central de Noticias" (Evento 1 ya tiene reportaje)
INSERT INTO Ofrecimiento (id_evento, id_empresa, estado, tiene_acceso) VALUES (1, 3, 'ACEPTADO', false);
INSERT INTO Ofrecimiento (id_evento, id_empresa, estado, tiene_acceso) VALUES (1, 4, 'ACEPTADO', false);
INSERT INTO Ofrecimiento (id_evento, id_empresa, estado, tiene_acceso) VALUES (1, 5, 'ACEPTADO', false);
INSERT INTO Ofrecimiento (id_evento, id_empresa, estado, tiene_acceso) VALUES (20, 1, 'ACEPTADO', false);
INSERT INTO Ofrecimiento (id_evento, id_empresa, estado, tiene_acceso) VALUES (20, 2, 'ACEPTADO', false);
INSERT INTO Ofrecimiento (id_evento, id_empresa, estado, tiene_acceso) VALUES (20, 6, 'ACEPTADO', false);


-- Para probar "Prensa Global" (Los eventos 2 y 8 ya tienen reportaje)
INSERT INTO Ofrecimiento (id_evento, id_empresa, estado, tiene_acceso) VALUES (2, 1, 'ACEPTADO', false);
INSERT INTO Ofrecimiento (id_evento, id_empresa, estado, tiene_acceso) VALUES (2, 2, 'ACEPTADO', false);
INSERT INTO Ofrecimiento (id_evento, id_empresa, estado, tiene_acceso) VALUES (8, 4, 'ACEPTADO', false);

-- Para probar "Agencia EFE Norte" (El evento 6 ya tiene reportaje)
INSERT INTO Ofrecimiento (id_evento, id_empresa, estado, tiene_acceso) VALUES (6, 2, 'ACEPTADO', false);
INSERT INTO Ofrecimiento (id_evento, id_empresa, estado, tiene_acceso) VALUES (6, 3, 'ACEPTADO', false);

-- Para probar "Asturias Media" (El evento 4 ya tiene reportaje)
INSERT INTO Ofrecimiento (id_evento, id_empresa, estado, tiene_acceso) VALUES (4, 1, 'ACEPTADO', false);
INSERT INTO Ofrecimiento (id_evento, id_empresa, estado, tiene_acceso) VALUES (4, 2, 'ACEPTADO', false);
INSERT INTO Ofrecimiento (id_evento, id_empresa, estado, tiene_acceso) VALUES (21, 3, 'ACEPTADO', false);
INSERT INTO Ofrecimiento (id_evento, id_empresa, estado, tiene_acceso) VALUES (21, 4, 'ACEPTADO', false);
INSERT INTO Ofrecimiento (id_evento, id_empresa, estado, tiene_acceso) VALUES (21, 5, 'ACEPTADO', false);

-- ===== EJEMPLOS DE LAS NUEVAS TABLAS/CAMPOS =====

-- Temáticas nuevas
INSERT INTO Tematica (id_tematica, nombre) VALUES (1, 'Politica');
INSERT INTO Tematica (id_tematica, nombre) VALUES (2, 'Economia');
INSERT INTO Tematica (id_tematica, nombre) VALUES (3, 'Deportes');
INSERT INTO Tematica (id_tematica, nombre) VALUES (4, 'Cultura');
INSERT INTO Tematica (id_tematica, nombre) VALUES (5, 'Tecnologia');

-- Relación Reportero <-> Temática
INSERT INTO Reportero_Tematica (id_reportero, id_tematica) VALUES (1, 1);
INSERT INTO Reportero_Tematica (id_reportero, id_tematica) VALUES (2, 2);
INSERT INTO Reportero_Tematica (id_reportero, id_tematica) VALUES (3, 1);
INSERT INTO Reportero_Tematica (id_reportero, id_tematica) VALUES (4, 2);
INSERT INTO Reportero_Tematica (id_reportero, id_tematica) VALUES (5, 3);
INSERT INTO Reportero_Tematica (id_reportero, id_tematica) VALUES (6, 4);
INSERT INTO Reportero_Tematica (id_reportero, id_tematica) VALUES (10, 5);

-- Relación Evento <-> Temática
INSERT INTO Evento_Tematica (id_evento, id_tematica) VALUES (1, 1);
INSERT INTO Evento_Tematica (id_evento, id_tematica) VALUES (2, 1);
INSERT INTO Evento_Tematica (id_evento, id_tematica) VALUES (4, 3);
INSERT INTO Evento_Tematica (id_evento, id_tematica) VALUES (5, 4);
INSERT INTO Evento_Tematica (id_evento, id_tematica) VALUES (11, 5);
INSERT INTO Evento_Tematica (id_evento, id_tematica) VALUES (20, 4);

-- Relación Empresa <-> Temática
INSERT INTO Empresa_Tematica (id_empresa, id_tematica) VALUES (1, 1);
INSERT INTO Empresa_Tematica (id_empresa, id_tematica) VALUES (1, 2);
INSERT INTO Empresa_Tematica (id_empresa, id_tematica) VALUES (2, 3);
INSERT INTO Empresa_Tematica (id_empresa, id_tematica) VALUES (3, 1);
INSERT INTO Empresa_Tematica (id_empresa, id_tematica) VALUES (4, 4);
INSERT INTO Empresa_Tematica (id_empresa, id_tematica) VALUES (5, 3);
INSERT INTO Empresa_Tematica (id_empresa, id_tematica) VALUES (6, 5);

-- Ejemplos de precio en Evento
UPDATE Evento SET precio = 120.50 WHERE id_evento = 1;
UPDATE Evento SET precio = 250.00 WHERE id_evento = 4;
UPDATE Evento SET precio = 80.00 WHERE id_evento = 11;

-- Ejemplos de estado_revision en Reportaje
UPDATE Reportaje SET estado_revision = 'EN_REVISION' WHERE id_reportaje = 1;
UPDATE Reportaje SET estado_revision = 'REVISADO' WHERE id_reportaje = 2;
UPDATE Reportaje SET estado_revision = 'ENTREGADO' WHERE id_reportaje = 3;

-- Comentarios de revisión
INSERT INTO Comentario_Revision (id_comentario, id_reportaje, id_reportero, comentario, fecha_hora)
VALUES (1, 1, 2, 'Falta confirmar la cifra total de ayudas.', '2026-03-11 11:00:00');
INSERT INTO Comentario_Revision (id_comentario, id_reportaje, id_reportero, comentario, fecha_hora)
VALUES (2, 1, 9, 'Añadir contexto historico en el segundo párrafo.', '2026-03-11 12:10:00');
INSERT INTO Comentario_Revision (id_comentario, id_reportaje, id_reportero, comentario, fecha_hora)
VALUES (3, 2, 10, 'Buen enfoque, revisar ortografía en el cierre.', '2026-03-16 10:00:00');

-- Multimedia asociada a reportajes
INSERT INTO Multimedia (id_multimedia, id_reportaje, id_reportero, tipo, ruta, estado)
VALUES (1, 1, 1, 'IMAGEN', '/media/reportaje1/portada.jpg', 'DEFINITIVO');
INSERT INTO Multimedia (id_multimedia, id_reportaje, id_reportero, tipo, ruta, estado)
VALUES (2, 1, 5, 'VIDEO', '/media/reportaje1/corte-entrevista.mp4', 'BORRADOR');
INSERT INTO Multimedia (id_multimedia, id_reportaje, id_reportero, tipo, ruta, estado)
VALUES (3, 4, 5, 'IMAGEN', '/media/reportaje4/fidma-publico.jpg', 'DEFINITIVO');

-- Ejemplos de descargado en Ofrecimiento
UPDATE Ofrecimiento SET descargado = true WHERE id_evento = 1 AND id_empresa = 1;
UPDATE Ofrecimiento SET descargado = true WHERE id_evento = 4 AND id_empresa = 4;
UPDATE Ofrecimiento SET descargado = false WHERE id_evento = 20 AND id_empresa = 2;

-- ===== AJUSTE HU: cobertura completa de temáticas =====
-- Nuevas temáticas para enriquecer clasificación
INSERT INTO Tematica (id_tematica, nombre) VALUES (6, 'Salud');
INSERT INTO Tematica (id_tematica, nombre) VALUES (7, 'Sociedad');
INSERT INTO Tematica (id_tematica, nombre) VALUES (8, 'Educacion');
INSERT INTO Tematica (id_tematica, nombre) VALUES (9, 'Infraestructuras');
INSERT INTO Tematica (id_tematica, nombre) VALUES (10, 'Medioambiente');

-- Todos los eventos tienen al menos una temática (y varios con múltiples)
INSERT INTO Evento_Tematica (id_evento, id_tematica) VALUES (3, 6);
INSERT INTO Evento_Tematica (id_evento, id_tematica) VALUES (3, 7);
INSERT INTO Evento_Tematica (id_evento, id_tematica) VALUES (6, 2);
INSERT INTO Evento_Tematica (id_evento, id_tematica) VALUES (6, 7);
INSERT INTO Evento_Tematica (id_evento, id_tematica) VALUES (7, 4);
INSERT INTO Evento_Tematica (id_evento, id_tematica) VALUES (7, 7);
INSERT INTO Evento_Tematica (id_evento, id_tematica) VALUES (8, 2);
INSERT INTO Evento_Tematica (id_evento, id_tematica) VALUES (8, 7);
INSERT INTO Evento_Tematica (id_evento, id_tematica) VALUES (9, 1);
INSERT INTO Evento_Tematica (id_evento, id_tematica) VALUES (10, 8);
INSERT INTO Evento_Tematica (id_evento, id_tematica) VALUES (12, 5);
INSERT INTO Evento_Tematica (id_evento, id_tematica) VALUES (12, 4);
INSERT INTO Evento_Tematica (id_evento, id_tematica) VALUES (21, 9);
INSERT INTO Evento_Tematica (id_evento, id_tematica) VALUES (97, 1);
INSERT INTO Evento_Tematica (id_evento, id_tematica) VALUES (98, 7);
INSERT INTO Evento_Tematica (id_evento, id_tematica) VALUES (99, 5);
INSERT INTO Evento_Tematica (id_evento, id_tematica) VALUES (100, 1);
INSERT INTO Evento_Tematica (id_evento, id_tematica) VALUES (101, 2);
INSERT INTO Evento_Tematica (id_evento, id_tematica) VALUES (101, 1);
INSERT INTO Evento_Tematica (id_evento, id_tematica) VALUES (102, 4);
INSERT INTO Evento_Tematica (id_evento, id_tematica) VALUES (103, 1);
INSERT INTO Evento_Tematica (id_evento, id_tematica) VALUES (104, 4);
INSERT INTO Evento_Tematica (id_evento, id_tematica) VALUES (105, 5);
INSERT INTO Evento_Tematica (id_evento, id_tematica) VALUES (105, 2);

-- Todos los reporteros tienen al menos una temática (y varios con múltiples)
INSERT INTO Reportero_Tematica (id_reportero, id_tematica) VALUES (1, 2);
INSERT INTO Reportero_Tematica (id_reportero, id_tematica) VALUES (2, 1);
INSERT INTO Reportero_Tematica (id_reportero, id_tematica) VALUES (3, 10);
INSERT INTO Reportero_Tematica (id_reportero, id_tematica) VALUES (4, 7);
INSERT INTO Reportero_Tematica (id_reportero, id_tematica) VALUES (5, 5);
INSERT INTO Reportero_Tematica (id_reportero, id_tematica) VALUES (6, 7);
INSERT INTO Reportero_Tematica (id_reportero, id_tematica) VALUES (7, 3);
INSERT INTO Reportero_Tematica (id_reportero, id_tematica) VALUES (8, 4);
INSERT INTO Reportero_Tematica (id_reportero, id_tematica) VALUES (9, 1);
INSERT INTO Reportero_Tematica (id_reportero, id_tematica) VALUES (10, 1);
INSERT INTO Reportero_Tematica (id_reportero, id_tematica) VALUES (11, 5);
INSERT INTO Reportero_Tematica (id_reportero, id_tematica) VALUES (12, 4);

-- ===== HU 34086: freelance =====
INSERT INTO Reportero (id_reportero, nombre, telefono, id_agencia, tipo_reportero, es_freelance) VALUES (13, 'Lucia Campos', '600555111', 1, 'BASE', true);
INSERT INTO Reportero (id_reportero, nombre, telefono, id_agencia, tipo_reportero, es_freelance) VALUES (14, 'Mario Vega', '600555222', 2, 'BASE', true);

INSERT INTO Reportero_Tematica (id_reportero, id_tematica) VALUES (13, 1);
INSERT INTO Reportero_Tematica (id_reportero, id_tematica) VALUES (13, 2);
INSERT INTO Reportero_Tematica (id_reportero, id_tematica) VALUES (14, 5);
INSERT INTO Reportero_Tematica (id_reportero, id_tematica) VALUES (14, 4);

UPDATE Evento SET disponible_freelance = true WHERE id_evento = 1;
UPDATE Evento SET disponible_freelance = true WHERE id_evento = 6;
UPDATE Evento SET disponible_freelance = true WHERE id_evento = 11;
UPDATE Evento SET disponible_freelance = true WHERE id_evento = 12;
UPDATE Evento SET disponible_freelance = true WHERE id_evento = 20;

INSERT INTO Preferencia_Freelance (id_evento, id_reportero, estado_preferencia) VALUES (1, 13, 'INTERESADO');
INSERT INTO Preferencia_Freelance (id_evento, id_reportero, estado_preferencia) VALUES (6, 13, 'DUDANDO');
INSERT INTO Preferencia_Freelance (id_evento, id_reportero, estado_preferencia) VALUES (11, 14, 'INTERESADO');
INSERT INTO Preferencia_Freelance (id_evento, id_reportero, estado_preferencia) VALUES (20, 14, 'NO_INTERESADO');

-- ===== S3: sincronización de modelo de datos =====

-- Eventos de 1 o varios días y localización (para control de solapes y dietas)
UPDATE Evento SET fecha_inicio = fecha, fecha_fin = fecha WHERE fecha_inicio IS NULL AND fecha_fin IS NULL;
UPDATE Evento SET fecha_inicio = '2026-08-01', fecha_fin = '2026-08-05', pais = 'España', provincia = 'Asturias' WHERE id_evento = 6;
UPDATE Evento SET fecha_inicio = '2026-11-15', fecha_fin = '2026-11-22', pais = 'España', provincia = 'Asturias' WHERE id_evento = 7;
UPDATE Evento SET fecha_inicio = '2026-10-20', fecha_fin = '2026-10-21', pais = 'España', provincia = 'Asturias' WHERE id_evento = 11;
UPDATE Evento SET fecha_inicio = '2026-10-20', fecha_fin = '2026-10-20', pais = 'España', provincia = 'Asturias' WHERE id_evento = 12;
UPDATE Evento SET fecha_inicio = '2026-10-25', fecha_fin = '2026-10-27', pais = 'España', provincia = 'Asturias' WHERE id_evento = 20;
UPDATE Evento SET pais = 'España', provincia = 'Asturias' WHERE pais IS NULL OR provincia IS NULL;

-- Residencia reporteros (para cálculo de dietas)
UPDATE Reportero SET pais_residencia = 'España', provincia_residencia = 'Asturias' WHERE id_reportero IN (1, 2, 5, 7, 8, 11, 13);
UPDATE Reportero SET pais_residencia = 'España', provincia_residencia = 'Madrid' WHERE id_reportero IN (3, 4, 6, 9, 10, 12);
UPDATE Reportero SET pais_residencia = 'Portugal', provincia_residencia = 'Lisboa' WHERE id_reportero = 14;

-- Responsable único por evento y cierre de asignaciones
UPDATE Asignacion SET es_responsable = true WHERE id_evento = 1 AND id_reportero = 1;
UPDATE Asignacion SET es_responsable = true WHERE id_evento = 2 AND id_reportero = 3;
UPDATE Asignacion SET es_responsable = true WHERE id_evento = 4 AND id_reportero = 7;
UPDATE Asignacion SET es_responsable = true WHERE id_evento = 6 AND id_reportero = 5;
UPDATE Asignacion SET estado_asignacion = 'FINALIZADA', fecha_fin_asignacion = '2026-03-11 18:00:00' WHERE id_evento = 1;
UPDATE Asignacion SET estado_asignacion = 'FINALIZADA', fecha_fin_asignacion = '2026-03-16 19:00:00' WHERE id_evento = 2;

-- Estado finalizado del evento (fuente de verdad para cierre de asignación)
UPDATE Evento SET finalizado = true WHERE id_evento IN (1, 2, 20, 21);

-- Finalización de entrega de reportajes y embargo
UPDATE Reportaje
SET id_reportero_responsable = 1, estado_entrega = 'FINALIZADA', fecha_fin_entrega = '2026-03-11 20:00:00'
WHERE id_reportaje = 1;
UPDATE Reportaje
SET id_reportero_responsable = 3, estado_entrega = 'FINALIZADA', fecha_fin_entrega = '2026-03-16 20:00:00'
WHERE id_reportaje = 2;
UPDATE Reportaje
SET id_reportero_responsable = 7, estado_entrega = 'ABIERTA'
WHERE id_reportaje = 3;
UPDATE Reportaje
SET id_reportero_responsable = 1, estado_entrega = 'FINALIZADA', fecha_fin_entrega = '2026-10-26 18:00:00'
WHERE id_reportaje = 20;
UPDATE Reportaje
SET id_reportero_responsable = 7, estado_entrega = 'FINALIZADA', fecha_fin_entrega = '2026-11-29 20:00:00'
WHERE id_reportaje = 21;
UPDATE Reportaje
SET fecha_fin_embargo = '2026-12-01 00:00:00'
WHERE id_reportaje IN (20, 21);

-- Revisiones por reportero asignado (requisito para finalizar entrega)
INSERT INTO Revision_Reportero (id_reportaje, id_reportero, comentario, revision_finalizada, fecha_revision)
VALUES (1, 1, 'Versión final unificada', true, '2026-03-11 19:00:00');
INSERT INTO Revision_Reportero (id_reportaje, id_reportero, comentario, revision_finalizada, fecha_revision)
VALUES (1, 9, 'Revisión de estilo completada', true, '2026-03-11 18:45:00');
INSERT INTO Revision_Reportero (id_reportaje, id_reportero, comentario, revision_finalizada, fecha_revision)
VALUES (2, 3, 'Revisión responsable completada', true, '2026-03-16 19:20:00');
INSERT INTO Revision_Reportero (id_reportaje, id_reportero, comentario, revision_finalizada, fecha_revision)
VALUES (2, 10, 'Pendiente revisar citas', false, NULL);

-- Empresas que no quieren embargos
UPDATE Empresa_Comunicacion SET acepta_embargos = false WHERE id_empresa IN (2, 5);

-- Tarifas planas por agencia/empresa y estado de pagos
INSERT INTO Agencia_Empresa_Tarifa (id_agencia, id_empresa, tarifa_plana, fecha_inicio, fecha_fin, al_corriente_pago)
VALUES (1, 1, 1500.00, '2026-01-01', '2026-12-31', true);
INSERT INTO Agencia_Empresa_Tarifa (id_agencia, id_empresa, tarifa_plana, fecha_inicio, fecha_fin, al_corriente_pago)
VALUES (1, 2, 1800.00, '2026-01-01', '2026-12-31', false);
INSERT INTO Agencia_Empresa_Tarifa (id_agencia, id_empresa, tarifa_plana, fecha_inicio, fecha_fin, al_corriente_pago)
VALUES (4, 4, 1300.00, '2026-01-01', '2026-12-31', true);
INSERT INTO Agencia_Empresa_Tarifa (id_agencia, id_empresa, tarifa_plana, fecha_inicio, fecha_fin, al_corriente_pago)
VALUES (3, 6, 900.00, '2026-04-01', NULL, true);

-- Pagos por reportaje + acceso especial para reportajes embargados
UPDATE Ofrecimiento
SET reportaje_pagado = true, fecha_pago_reportaje = '2026-03-12 10:00:00'
WHERE id_evento = 1 AND id_empresa = 1;
UPDATE Ofrecimiento
SET reportaje_pagado = true, fecha_pago_reportaje = '2026-10-27 12:00:00', acceso_especial_embargo = true
WHERE id_evento = 20 AND id_empresa = 1;
UPDATE Ofrecimiento
SET reportaje_pagado = false, acceso_especial_embargo = false
WHERE id_evento = 20 AND id_empresa = 2;

-- Dietas por localización
INSERT INTO Dieta_Alojamiento (pais, provincia, importe_diario) VALUES ('España', 'Asturias', 95.00);
INSERT INTO Dieta_Alojamiento (pais, provincia, importe_diario) VALUES ('España', 'Madrid', 120.00);
INSERT INTO Dieta_Alojamiento (pais, provincia, importe_diario) VALUES ('Portugal', 'Lisboa', 110.00);
INSERT INTO Dieta_Manutencion (pais, importe_diario) VALUES ('España', 42.00);
INSERT INTO Dieta_Manutencion (pais, importe_diario) VALUES ('Portugal', 50.00);

-- ===== HU34345: casos extra de pagos/tarifa para pruebas =====
-- Nuevas empresas para cubrir combinaciones:
-- 1) Con tarifa y al corriente de pago
-- 2) Con tarifa pero NO al corriente
-- 3) Sin tarifa pero reportaje pagado
-- 4) Sin tarifa y sin reportaje pagado
INSERT INTO Empresa_Comunicacion (id_empresa, nombre, email, acepta_embargos) VALUES (7, 'Noticias Norte', 'redaccion@noticiasnorte.es', true);
INSERT INTO Empresa_Comunicacion (id_empresa, nombre, email, acepta_embargos) VALUES (8, 'Canal Sur 8', 'info@canalsur8.tv', true);
INSERT INTO Empresa_Comunicacion (id_empresa, nombre, email, acepta_embargos) VALUES (9, 'Revista Horizonte', 'contacto@horizonte.com', true);
INSERT INTO Empresa_Comunicacion (id_empresa, nombre, email, acepta_embargos) VALUES (10, 'Diario Delta', 'editorial@diariodelta.es', true);

-- Relación temática mínima para las nuevas empresas
INSERT INTO Empresa_Tematica (id_empresa, id_tematica) VALUES (7, 1);
INSERT INTO Empresa_Tematica (id_empresa, id_tematica) VALUES (8, 2);
INSERT INTO Empresa_Tematica (id_empresa, id_tematica) VALUES (9, 4);
INSERT INTO Empresa_Tematica (id_empresa, id_tematica) VALUES (10, 5);

-- Tarifas con Agencia 1 (evento 20) para 2 empresas: una pagada y otra no pagada
INSERT INTO Agencia_Empresa_Tarifa (id_agencia, id_empresa, tarifa_plana, fecha_inicio, fecha_fin, al_corriente_pago)
VALUES (1, 7, 1400.00, '2026-01-01', '2026-12-31', true);
INSERT INTO Agencia_Empresa_Tarifa (id_agencia, id_empresa, tarifa_plana, fecha_inicio, fecha_fin, al_corriente_pago)
VALUES (1, 8, 1600.00, '2026-01-01', '2026-12-31', false);

-- Ofrecimientos en evento finalizado (20, Agencia 1) para todas las combinaciones
INSERT INTO Ofrecimiento (id_evento, id_empresa, estado, tiene_acceso, acceso_especial_embargo, reportaje_pagado, fecha_pago_reportaje, descargado)
VALUES (20, 7, 'ACEPTADO', false, false, false, NULL, false); -- con tarifa pagada
INSERT INTO Ofrecimiento (id_evento, id_empresa, estado, tiene_acceso, acceso_especial_embargo, reportaje_pagado, fecha_pago_reportaje, descargado)
VALUES (20, 8, 'ACEPTADO', false, false, false, NULL, false); -- con tarifa NO pagada
INSERT INTO Ofrecimiento (id_evento, id_empresa, estado, tiene_acceso, acceso_especial_embargo, reportaje_pagado, fecha_pago_reportaje, descargado)
VALUES (20, 9, 'ACEPTADO', false, false, true, '2026-10-28 09:30:00', false); -- sin tarifa y reportaje pagado
INSERT INTO Ofrecimiento (id_evento, id_empresa, estado, tiene_acceso, acceso_especial_embargo, reportaje_pagado, fecha_pago_reportaje, descargado)
VALUES (20, 10, 'ACEPTADO', false, false, false, NULL, false); -- sin tarifa y sin pagar

-- Casos adicionales en otro evento finalizado (21, Agencia 4)
INSERT INTO Agencia_Empresa_Tarifa (id_agencia, id_empresa, tarifa_plana, fecha_inicio, fecha_fin, al_corriente_pago)
VALUES (4, 9, 1250.00, '2026-06-01', '2026-12-31', true);
INSERT INTO Ofrecimiento (id_evento, id_empresa, estado, tiene_acceso, acceso_especial_embargo, reportaje_pagado, fecha_pago_reportaje, descargado)
VALUES (21, 9, 'ACEPTADO', false, false, false, NULL, false); -- con tarifa pagada en otra agencia
INSERT INTO Ofrecimiento (id_evento, id_empresa, estado, tiene_acceso, acceso_especial_embargo, reportaje_pagado, fecha_pago_reportaje, descargado)
VALUES (21, 10, 'ACEPTADO', false, false, true, '2026-11-30 12:00:00', false); -- sin tarifa y reportaje pagado

-- ==============================================================================
-- ===== DATOS DE PRUEBA EXCLUSIVOS PARA EMBARGOS CADUCADOS (HU 34348 y 34351) ==
-- ==============================================================================

-- 1. Creamos el evento 200 para la Agencia 1 (Agencia Central de Noticias)
INSERT INTO Evento (id_evento, descripcion, fecha, id_agencia, precio) 
VALUES (200, 'Exclusiva Pasada: El gran secreto', '2024-05-10', 1, 300.00);

-- 2. LA CLAVE: Le asignamos la temática 1 (Política). Así el Diario El Mañana lo puede ver
INSERT INTO Evento_Tematica (id_evento, id_tematica) VALUES (200, 1);

-- 3. Le asignamos la reportera Ana Blanco (ID 1)
INSERT INTO Asignacion (id_evento, id_reportero, es_responsable) 
VALUES (200, 1, true);

-- 4. Creamos el reportaje con la fecha de embargo CADUCADA en 2024
INSERT INTO Reportaje (id_reportaje, id_evento, id_reportero, titulo, subtitulo, cuerpo, fecha_entrega, fecha_fin_embargo) 
VALUES (200, 200, 1, 'Secreto revelado', 'Ya es público', 'Texto del reportaje libre...', '2024-05-11 10:00:00', '2024-12-31 23:59:59');

-- 5. Se lo ofrecemos al Diario El Mañana (ID 1) como PENDIENTE
INSERT INTO Ofrecimiento (id_evento, id_empresa, estado, tiene_acceso, acceso_especial_embargo) 
VALUES (200, 1, 'PENDIENTE', false, false);